Workbook

Sheet Instructions
A1: Staff Roster & Shift Scheduler — Version 1
A3: Purpose | B3: Create and maintain a monthly employee shift roster.
A4: 1. Employee Master | B4: Enter employee ID, name, department and designation.
A5: 2. Shift Master | B5: Edit shift names and timings if required.
A6: 3. Monthly Roster | B6: Select the month/year and assign shifts using dropdowns.
A7: 4. Leave | B7: Record leave or absence information.
A8: 5. Summary | B8: Review employee working days, leave days and shift counts.
A9: Legend | B9: W = Working/assigned shift, OFF = Weekly off, L = Leave, H = Holiday.

Sheet Employee Master
A1: Employee Master
A3: Employee ID | B3: Employee Name | C3: Department | D3: Designation | E3: Active?
A4: 1 | B4: A | C4: 1001 | D4: HEAD | E4: Yes
A5: 2 | B5: B | C5: 1002 | D5: LEAD | E5: Yes
A6: 3 | B6: C | C6: 1003 | D6: INTERN | E6: Yes
A7: 4 | B7: D | C7: 1004 | D7: HEAD | E7: Yes
A8: 5 | B8: E | C8: 1001 | D8: LEAD | E8: Yes
A9: 6 | B9: F | C9: 1002 | D9: INTERN | E9: Yes
A10: 7 | B10: G | C10: 1003 | D10: HEAD | E10: Yes
A11: 8 | B11: H | C11: 1004 | D11: LEAD | E11: Yes
A12: 9 | B12: I | C12: 1001 | D12: INTERN | E12: Yes
A13: 10 | B13: J | C13: 1002 | D13: HEAD | E13: Yes
A14: 11 | B14: K | C14: 1003 | D14: LEAD | E14: Yes
A15: 12 | B15: L | C15: 1004 | D15: INTERN | E15: Yes
... A29: 26 | B29: Z | C29: 1002 | D29: LEAD | E29: Yes
E30: Yes
E31: Yes
E32: Yes
E33: Yes

Sheet Shift Master
A1: Shift Master
A3: Shift | B3: Start Time | C3: End Time | D3: Description
A4: A | B4: 06:00 | C4: 14:00 | D4: Morning Shift
A5: B | B5: 14:00 | C5: 22:00 | D5: Evening Shift
A6: C | B6: 22:00 | C6: 06:00 | D6: Night Shift
A7: G | D7: General
A8: OFF | D8: Weekly Off
A9: L | D9: Leave
A10: H | D10: Holiday
A11: RH | D11: Restricted Holiday
A12: CO | D12: Compensatory OFF
A13: CL | D13: Casual Leave
A14: ML | D14: Medical Leave
A15: EL | D15: Earned Leave
A16: UL | D16: Unpaid Leave
A17: CL/2 | D17: Half Day Casual Leave
A18: ML/2 | D18: Half Day Medical Leave
... A20: UL/2 | D20: Half Day Unpaid Leave

Sheet Monthly Roster
A1: Monthly Roster
A2: Enter the year and month above. Assign shifts/markers using the dropdowns. Blank cells are not counted as working days.
A3: Year | B3: 2026
A4: Month | B4: August
A6: Employee ID | B6: Employee Name | C6: Department | D6: Designation | E6: 1 | F6: 2 | G6: 3 | H6: 4 | I6: 5 | J6: 6 | K6: 7 | L6: 8 | M6: 9 | N6: 10 | O6: 11 | P6: 12 | Q6: 13 | R6: 14 | S6: 15 | T6: 16 | U6: 17 | V6: 18 | W6: 19 | X6: 20 | Y6: 21 | Z6: 22 | AA6: 23 | AB6: 24 | AC6: 25 | AD6: 26 | AE6: 27 | AF6: 28 | AG6: 29 | AH6: 30 | AI6: 31
A7: ='Employee Master'!A4 -> 1 | B7: ='Employee Master'!B4 -> A | C7: ='Employee Master'!C4 -> 1001 | D7: ='Employee Master'!D4 -> HEAD
A8: ='Employee Master'!A5 -> 2 | B8: ='Employee Master'!B5 -> B | C8: ='Employee Master'!C5 -> 1002 | D8: ='Employee Master'!D5 -> LEAD
A9: ='Employee Master'!A6 -> 3 | B9: ='Employee Master'!B6 -> C | C9: ='Employee Master'!C6 -> 1003 | D9: ='Employee Master'!D6 -> INTERN
A10: ='Employee Master'!A7 -> 4 | B10: ='Employee Master'!B7 -> D | C10: ='Employee Master'!C7 -> 1004 | D10: ='Employee Master'!D7 -> HEAD
A11: ='Employee Master'!A8 -> 5 | B11: ='Employee Master'!B8 -> E | C11: ='Employee Master'!C8 -> 1001 | D11: ='Employee Master'!D8 -> LEAD
A12: ='Employee Master'!A9 -> 6 | B12: ='Employee Master'!B9 -> F | C12: ='Employee Master'!C9 -> 1002 | D12: ='Employee Master'!D9 -> INTERN
A13: ='Employee Master'!A10 -> 7 | B13: ='Employee Master'!B10 -> G | C13: ='Employee Master'!C10 -> 1003 | D13: ='Employee Master'!D10 -> HEAD
A14: ='Employee Master'!A11 -> 8 | B14: ='Employee Master'!B11 -> H | C14: ='Employee Master'!C11 -> 1004 | D14: ='Employee Master'!D11 -> LEAD
A15: ='Employee Master'!A12 -> 9 | B15: ='Employee Master'!B12 -> I | C15: ='Employee Master'!C12 -> 1001 | D15: ='Employee Master'!D12 -> INTERN
A16: ='Employee Master'!A13 -> 10 | B16: ='Employee Master'!B13 -> J | C16: ='Employee Master'!C13 -> 1002 | D16: ='Employee Master'!D13 -> HEAD
A17: ='Employee Master'!A14 -> 11 | B17: ='Employee Master'!B14 -> K | C17: ='Employee Master'!C14 -> 1003 | D17: ='Employee Master'!D14 -> LEAD
A18: ='Employee Master'!A15 -> 12 | B18: ='Employee Master'!B15 -> L | C18: ='Employee Master'!C15 -> 1004 | D18: ='Employee Master'!D15 -> INTERN
... A36: ='Employee Master'!A33 -> 0 | B36: ='Employee Master'!B33 -> 0 | C36: ='Employee Master'!C33 -> 0 | D36: ='Employee Master'!D33 -> 0

Sheet Leave
A1: Leave Register
A3: Date (From) | B3: Date (To) | C3: Employee ID | D3: Employee Name | E3: Leave Type | F3: Days | G3: Remarks | H3: Approved?

Sheet Summary
A1: Roster Summary
A3: Employee ID | B3: Employee Name | C3: Department | D3: Working Days | E3: OFF | F3: Casual Leave | G3: Medical Leave | H3: Earned Leave | I3: Unpaid Leave | J3: Compensatory OFF | K3: Holiday | L3: Total Days worked
A4: ='Employee Master'!A4 -> 1 | B4: ='Employee Master'!B4 -> A | C4: ='Employee Master'!C4 -> 1001 | D4: =COUNT('Monthly Roster'!E$6:AI$6)-COUNTIF('Monthly Roster'!E7:AI7,"OFF")-COUNTIF('Monthly Roster'!E7:AI7,"H") -> 31 | E4: =COUNTIF('Monthly Roster'!E7:AI7,"OFF") -> 0 | F4: =COUNTIF('Monthly Roster'!E7:AI7,"CL") + COUNTIF('Monthly Roster'!E7:AI7,"CL/2") *0.5 -> 0 | G4: =COUNTIF('Monthly Roster'!E7:AI7,"ML") + COUNTIF('Monthly Roster'!E7:AI7,"ML/2") *0.5 -> 0 | H4: =COUNTIF('Monthly Roster'!E7:AI7,"EL") + COUNTIF('Monthly Roster'!E7:AI7,"EL/2") *0.5 -> 0 | I4: =COUNTIF('Monthly Roster'!E7:AI7,"UL") + COUNTIF('Monthly Roster'!E7:AI7,"UL/2") * 0.5 -> 0 | J4: =COUNTIF('Monthly Roster'!E7:AI7,"CO") -> 0 | K4: =COUNTIF('Monthly Roster'!E7:AI7,"H") -> 0 | L4: =D4-(F4+G4+H4+I4+J4) -> 31
A5: ='Employee Master'!A5 -> 2 | B5: ='Employee Master'!B5 -> B | C5: ='Employee Master'!C5 -> 1002 | D5: =COUNT('Monthly Roster'!E$6:AI$6)-COUNTIF('Monthly Roster'!E8:AI8,"OFF")-COUNTIF('Monthly Roster'!E8:AI8,"H") -> 31 | E5: =COUNTIF('Monthly Roster'!E8:AI8,"OFF") -> 0 | F5: =COUNTIF('Monthly Roster'!E8:AI8,"CL") + COUNTIF('Monthly Roster'!E8:AI8,"CL/2") *0.5 -> 0 | G5: =COUNTIF('Monthly Roster'!E8:AI8,"ML") + COUNTIF('Monthly Roster'!E8:AI8,"ML/2") *0.5 -> 0 | H5: =COUNTIF('Monthly Roster'!E8:AI8,"EL") + COUNTIF('Monthly Roster'!E8:AI8,"EL/2") *0.5 -> 0 | I5: =COUNTIF('Monthly Roster'!E8:AI8,"UL") + COUNTIF('Monthly Roster'!E8:AI8,"UL/2") * 0.5 -> 0 | J5: =COUNTIF('Monthly Roster'!E8:AI8,"CO") -> 0 | K5: =COUNTIF('Monthly Roster'!E8:AI8,"H") -> 0 | L5: =D5-(F5+G5+H5+I5+J5) -> 31
A6: ='Employee Master'!A6 -> 3 | B6: ='Employee Master'!B6 -> C | C6: ='Employee Master'!C6 -> 1003 | D6: =COUNT('Monthly Roster'!E$6:AI$6)-COUNTIF('Monthly Roster'!E9:AI9,"OFF")-COUNTIF('Monthly Roster'!E9:AI9,"H") -> 31 | E6: =COUNTIF('Monthly Roster'!E9:AI9,"OFF") -> 0 | F6: =COUNTIF('Monthly Roster'!E9:AI9,"CL") + COUNTIF('Monthly Roster'!E9:AI9,"CL/2") *0.5 -> 0 | G6: =COUNTIF('Monthly Roster'!E9:AI9,"ML") + COUNTIF('Monthly Roster'!E9:AI9,"ML/2") *0.5 -> 0 | H6: =COUNTIF('Monthly Roster'!E9:AI9,"EL") + COUNTIF('Monthly Roster'!E9:AI9,"EL/2") *0.5 -> 0 | I6: =COUNTIF('Monthly Roster'!E9:AI9,"UL") + COUNTIF('Monthly Roster'!E9:AI9,"UL/2") * 0.5 -> 0 | J6: =COUNTIF('Monthly Roster'!E9:AI9,"CO") -> 0 | K6: =COUNTIF('Monthly Roster'!E9:AI9,"H") -> 0 | L6: =D6-(F6+G6+H6+I6+J6) -> 31
A7: ='Employee Master'!A7 -> 4 | B7: ='Employee Master'!B7 -> D | C7: ='Employee Master'!C7 -> 1004 | D7: =COUNT('Monthly Roster'!E$6:AI$6)-COUNTIF('Monthly Roster'!E10:AI10,"OFF")-COUNTIF('Monthly Roster'!E10:AI10,"H") -> 31 | E7: =COUNTIF('Monthly Roster'!E10:AI10,"OFF") -> 0 | F7: =COUNTIF('Monthly Roster'!E10:AI10,"CL") + COUNTIF('Monthly Roster'!E10:AI10,"CL/2") *0.5 -> 0 | G7: =COUNTIF('Monthly Roster'!E10:AI10,"ML") + COUNTIF('Monthly Roster'!E10:AI10,"ML/2") *0.5 -> 0 | H7: =COUNTIF('Monthly Roster'!E10:AI10,"EL") + COUNTIF('Monthly Roster'!E10:AI10,"EL/2") *0.5 -> 0 | I7: =COUNTIF('Monthly Roster'!E10:AI10,"UL") + COUNTIF('Monthly Roster'!E10:AI10,"UL/2") * 0.5 -> 0 | J7: =COUNTIF('Monthly Roster'!E10:AI10,"CO") -> 0 | K7: =COUNTIF('Monthly Roster'!E10:AI10,"H") -> 0 | L7: =D7-(F7+G7+H7+I7+J7) -> 31
A8: ='Employee Master'!A8 -> 5 | B8: ='Employee Master'!B8 -> E | C8: ='Employee Master'!C8 -> 1001 | D8: =COUNT('Monthly Roster'!E$6:AI$6)-COUNTIF('Monthly Roster'!E11:AI11,"OFF")-COUNTIF('Monthly Roster'!E11:AI11,"H") -> 31 | E8: =COUNTIF('Monthly Roster'!E11:AI11,"OFF") -> 0 | F8: =COUNTIF('Monthly Roster'!E11:AI11,"CL") + COUNTIF('Monthly Roster'!E11:AI11,"CL/2") *0.5 -> 0 | G8: =COUNTIF('Monthly Roster'!E11:AI11,"ML") + COUNTIF('Monthly Roster'!E11:AI11,"ML/2") *0.5 -> 0 | H8: =COUNTIF('Monthly Roster'!E11:AI11,"EL") + COUNTIF('Monthly Roster'!E11:AI11,"EL/2") *0.5 -> 0 | I8: =COUNTIF('Monthly Roster'!E11:AI11,"UL") + COUNTIF('Monthly Roster'!E11:AI11,"UL/2") * 0.5 -> 0 | J8: =COUNTIF('Monthly Roster'!E11:AI11,"CO") -> 0 | K8: =COUNTIF('Monthly Roster'!E11:AI11,"H") -> 0 | L8: =D8-(F8+G8+H8+I8+J8) -> 31
A9: ='Employee Master'!A9 -> 6 | B9: ='Employee Master'!B9 -> F | C9: ='Employee Master'!C9 -> 1002 | D9: =COUNT('Monthly Roster'!E$6:AI$6)-COUNTIF('Monthly Roster'!E12:AI12,"OFF")-COUNTIF('Monthly Roster'!E12:AI12,"H") -> 31 | E9: =COUNTIF('Monthly Roster'!E12:AI12,"OFF") -> 0 | F9: =COUNTIF('Monthly Roster'!E12:AI12,"CL") + COUNTIF('Monthly Roster'!E12:AI12,"CL/2") *0.5 -> 0 | G9: =COUNTIF('Monthly Roster'!E12:AI12,"ML") + COUNTIF('Monthly Roster'!E12:AI12,"ML/2") *0.5 -> 0 | H9: =COUNTIF('Monthly Roster'!E12:AI12,"EL") + COUNTIF('Monthly Roster'!E12:AI12,"EL/2") *0.5 -> 0 | I9: =COUNTIF('Monthly Roster'!E12:AI12,"UL") + COUNTIF('Monthly Roster'!E12:AI12,"UL/2") * 0.5 -> 0 | J9: =COUNTIF('Monthly Roster'!E12:AI12,"CO") -> 0 | K9: =COUNTIF('Monthly Roster'!E12:AI12,"H") -> 0 | L9: =D9-(F9+G9+H9+I9+J9) -> 31
A10: ='Employee Master'!A10 -> 7 | B10: ='Employee Master'!B10 -> G | C10: ='Employee Master'!C10 -> 1003 | D10: =COUNT('Monthly Roster'!E$6:AI$6)-COUNTIF('Monthly Roster'!E13:AI13,"OFF")-COUNTIF('Monthly Roster'!E13:AI13,"H") -> 31 | E10: =COUNTIF('Monthly Roster'!E13:AI13,"OFF") -> 0 | F10: =COUNTIF('Monthly Roster'!E13:AI13,"CL") + COUNTIF('Monthly Roster'!E13:AI13,"CL/2") *0.5 -> 0 | G10: =COUNTIF('Monthly Roster'!E13:AI13,"ML") + COUNTIF('Monthly Roster'!E13:AI13,"ML/2") *0.5 -> 0 | H10: =COUNTIF('Monthly Roster'!E13:AI13,"EL") + COUNTIF('Monthly Roster'!E13:AI13,"EL/2") *0.5 -> 0 | I10: =COUNTIF('Monthly Roster'!E13:AI13,"UL") + COUNTIF('Monthly Roster'!E13:AI13,"UL/2") * 0.5 -> 0 | J10: =COUNTIF('Monthly Roster'!E13:AI13,"CO") -> 0 | K10: =COUNTIF('Monthly Roster'!E13:AI13,"H") -> 0 | L10: =D10-(F10+G10+H10+I10+J10) -> 31
A11: ='Employee Master'!A11 -> 8 | B11: ='Employee Master'!B11 -> H | C11: ='Employee Master'!C11 -> 1004 | D11: =COUNT('Monthly Roster'!E$6:AI$6)-COUNTIF('Monthly Roster'!E14:AI14,"OFF")-COUNTIF('Monthly Roster'!E14:AI14,"H") -> 31 | E11: =COUNTIF('Monthly Roster'!E14:AI14,"OFF") -> 0 | F11: =COUNTIF('Monthly Roster'!E14:AI14,"CL") + COUNTIF('Monthly Roster'!E14:AI14,"CL/2") *0.5 -> 0 | G11: =COUNTIF('Monthly Roster'!E14:AI14,"ML") + COUNTIF('Monthly Roster'!E14:AI14,"ML/2") *0.5 -> 0 | H11: =COUNTIF('Monthly Roster'!E14:AI14,"EL") + COUNTIF('Monthly Roster'!E14:AI14,"EL/2") *0.5 -> 0 | I11: =COUNTIF('Monthly Roster'!E14:AI14,"UL") + COUNTIF('Monthly Roster'!E14:AI14,"UL/2") * 0.5 -> 0 | J11: =COUNTIF('Monthly Roster'!E14:AI14,"CO") -> 0 | K11: =COUNTIF('Monthly Roster'!E14:AI14,"H") -> 0 | L11: =D11-(F11+G11+H11+I11+J11) -> 31
A12: ='Employee Master'!A12 -> 9 | B12: ='Employee Master'!B12 -> I | C12: ='Employee Master'!C12 -> 1001 | D12: =COUNT('Monthly Roster'!E$6:AI$6)-COUNTIF('Monthly Roster'!E15:AI15,"OFF")-COUNTIF('Monthly Roster'!E15:AI15,"H") -> 31 | E12: =COUNTIF('Monthly Roster'!E15:AI15,"OFF") -> 0 | F12: =COUNTIF('Monthly Roster'!E15:AI15,"CL") + COUNTIF('Monthly Roster'!E15:AI15,"CL/2") *0.5 -> 0 | G12: =COUNTIF('Monthly Roster'!E15:AI15,"ML") + COUNTIF('Monthly Roster'!E15:AI15,"ML/2") *0.5 -> 0 | H12: =COUNTIF('Monthly Roster'!E15:AI15,"EL") + COUNTIF('Monthly Roster'!E15:AI15,"EL/2") *0.5 -> 0 | I12: =COUNTIF('Monthly Roster'!E15:AI15,"UL") + COUNTIF('Monthly Roster'!E15:AI15,"UL/2") * 0.5 -> 0 | J12: =COUNTIF('Monthly Roster'!E15:AI15,"CO") -> 0 | K12: =COUNTIF('Monthly Roster'!E15:AI15,"H") -> 0 | L12: =D12-(F12+G12+H12+I12+J12) -> 31
A13: ='Employee Master'!A13 -> 10 | B13: ='Employee Master'!B13 -> J | C13: ='Employee Master'!C13 -> 1002 | D13: =COUNT('Monthly Roster'!E$6:AI$6)-COUNTIF('Monthly Roster'!E16:AI16,"OFF")-COUNTIF('Monthly Roster'!E16:AI16,"H") -> 31 | E13: =COUNTIF('Monthly Roster'!E16:AI16,"OFF") -> 0 | F13: =COUNTIF('Monthly Roster'!E16:AI16,"CL") + COUNTIF('Monthly Roster'!E16:AI16,"CL/2") *0.5 -> 0 | G13: =COUNTIF('Monthly Roster'!E16:AI16,"ML") + COUNTIF('Monthly Roster'!E16:AI16,"ML/2") *0.5 -> 0 | H13: =COUNTIF('Monthly Roster'!E16:AI16,"EL") + COUNTIF('Monthly Roster'!E16:AI16,"EL/2") *0.5 -> 0 | I13: =COUNTIF('Monthly Roster'!E16:AI16,"UL") + COUNTIF('Monthly Roster'!E16:AI16,"UL/2") * 0.5 -> 0 | J13: =COUNTIF('Monthly Roster'!E16:AI16,"CO") -> 0 | K13: =COUNTIF('Monthly Roster'!E16:AI16,"H") -> 0 | L13: =D13-(F13+G13+H13+I13+J13) -> 31
A14: ='Employee Master'!A14 -> 11 | B14: ='Employee Master'!B14 -> K | C14: ='Employee Master'!C14 -> 1003 | D14: =COUNT('Monthly Roster'!E$6:AI$6)-COUNTIF('Monthly Roster'!E17:AI17,"OFF")-COUNTIF('Monthly Roster'!E17:AI17,"H") -> 31 | E14: =COUNTIF('Monthly Roster'!E17:AI17,"OFF") -> 0 | F14: =COUNTIF('Monthly Roster'!E17:AI17,"CL") + COUNTIF('Monthly Roster'!E17:AI17,"CL/2") *0.5 -> 0 | G14: =COUNTIF('Monthly Roster'!E17:AI17,"ML") + COUNTIF('Monthly Roster'!E17:AI17,"ML/2") *0.5 -> 0 | H14: =COUNTIF('Monthly Roster'!E17:AI17,"EL") + COUNTIF('Monthly Roster'!E17:AI17,"EL/2") *0.5 -> 0 | I14: =COUNTIF('Monthly Roster'!E17:AI17,"UL") + COUNTIF('Monthly Roster'!E17:AI17,"UL/2") * 0.5 -> 0 | J14: =COUNTIF('Monthly Roster'!E17:AI17,"CO") -> 0 | K14: =COUNTIF('Monthly Roster'!E17:AI17,"H") -> 0 | L14: =D14-(F14+G14+H14+I14+J14) -> 31
A15: ='Employee Master'!A15 -> 12 | B15: ='Employee Master'!B15 -> L | C15: ='Employee Master'!C15 -> 1004 | D15: =COUNT('Monthly Roster'!E$6:AI$6)-COUNTIF('Monthly Roster'!E18:AI18,"OFF")-COUNTIF('Monthly Roster'!E18:AI18,"H") -> 31 | E15: =COUNTIF('Monthly Roster'!E18:AI18,"OFF") -> 0 | F15: =COUNTIF('Monthly Roster'!E18:AI18,"CL") + COUNTIF('Monthly Roster'!E18:AI18,"CL/2") *0.5 -> 0 | G15: =COUNTIF('Monthly Roster'!E18:AI18,"ML") + COUNTIF('Monthly Roster'!E18:AI18,"ML/2") *0.5 -> 0 | H15: =COUNTIF('Monthly Roster'!E18:AI18,"EL") + COUNTIF('Monthly Roster'!E18:AI18,"EL/2") *0.5 -> 0 | I15: =COUNTIF('Monthly Roster'!E18:AI18,"UL") + COUNTIF('Monthly Roster'!E18:AI18,"UL/2") * 0.5 -> 0 | J15: =COUNTIF('Monthly Roster'!E18:AI18,"CO") -> 0 | K15: =COUNTIF('Monthly Roster'!E18:AI18,"H") -> 0 | L15: =D15-(F15+G15+H15+I15+J15) -> 31
... A33: ='Employee Master'!A33 -> 0 | B33: ='Employee Master'!B33 -> 0 | C33: ='Employee Master'!C33 -> 0 | D33: =COUNT('Monthly Roster'!E$6:AI$6)-COUNTIF('Monthly Roster'!E36:AI36,"OFF")-COUNTIF('Monthly Roster'!E36:AI36,"H") -> 31 | E33: =COUNTIF('Monthly Roster'!E36:AI36,"OFF") -> 0 | F33: =COUNTIF('Monthly Roster'!E36:AI36,"CL") + COUNTIF('Monthly Roster'!E36:AI36,"CL/2") *0.5 -> 0 | G33: =COUNTIF('Monthly Roster'!E36:AI36,"ML") + COUNTIF('Monthly Roster'!E36:AI36,"ML/2") *0.5 -> 0 | H33: =COUNTIF('Monthly Roster'!E36:AI36,"EL") + COUNTIF('Monthly Roster'!E36:AI36,"EL/2") *0.5 -> 0 | I33: =COUNTIF('Monthly Roster'!E36:AI36,"UL") + COUNTIF('Monthly Roster'!E36:AI36,"UL/2") * 0.5 -> 0 | J33: =COUNTIF('Monthly Roster'!E36:AI36,"CO") -> 0 | K33: =COUNTIF('Monthly Roster'!E36:AI36,"H") -> 0 | L33: =D33-(F33+G33+H33+I33+J33) -> 31
